source,cramers_v,p_value,n
real_primes,0.3863786843428497,0.0,78486
cramer_model,0.385339586013862,0.0,78388
