source,cramers_v,p_value,n
real_primes,0.7619791445508293,0.0,78493
cramer_model,0.750665415247042,0.0,78665
