N,cramers_v,p_value
100000,0.7736214392510872,0.0
300000,0.7687927492473603,0.0
1000000,0.7619791445508293,0.0
