N,cramers_v,p_value
100000,0.39752222329384795,0.0
300000,0.3915511670092981,0.0
1000000,0.3863786843428497,0.0
