residue,count,observed_share,expected_share_1_over_phi_q,deviation
1,39230,0.4997897901723721,0.5,-0.0002102098276279274
5,39263,0.500210209827628,0.5,0.0002102098276279829
