modulus,chi2_statistic,dof,p_value,cramers_v_excess_bias,n_real,n_simulated
30,212.01884649837893,63,5.142994696072773e-18,0.03676306807979151,78486,78388
