modulus,chi2_statistic,dof,p_value,cramers_v_excess_bias,n_real,n_simulated
6,38.493186334236526,3,2.222363719712529e-08,0.015650336663171255,78493,78665
