modulus,chi2_statistic,dof,p_value,cramers_v,n_observations
30,82019.39372732805,203,0.0,0.3863786843428497,78486
