modulus,chi2_statistic,dof,p_value,cramers_v,n_observations
6,45573.994727820354,29,0.0,0.7619791445508293,78493
